<?xml version="1.0" encoding="UTF-8"?>
<project-private xmlns="http://www.netbeans.org/ns/project-private/1">
    <editor-bookmarks xmlns="http://www.netbeans.org/ns/editor-bookmarks/2" lastBookmarkId="0"/>
    <open-files xmlns="http://www.netbeans.org/ns/projectui-open-files/2">
        <group>
            <file>file:/D:/CHS/src/computerhardwarestore/managerEmployee.java</file>
            <file>file:/D:/CHS/src/computerhardwarestore/employeeCustomer.java</file>
            <file>file:/D:/CHS/src/computerhardwarestore/signInEmployee.java</file>
            <file>file:/D:/CHS/src/computerhardwarestore/managerAccessories.java</file>
            <file>file:/D:/CHS/src/computerhardwarestore/signInManager.java</file>
            <file>file:/D:/CHS/src/computerhardwarestore/adminEmployee.java</file>
            <file>file:/D:/CHS/src/computerhardwarestore/signIn.java</file>
            <file>file:/D:/CHS/src/computerhardwarestore/employeeBuy.java</file>
            <file>file:/D:/CHS/src/computerhardwarestore/adminShop.java</file>
            <file>file:/D:/CHS/src/computerhardwarestore/brandManufacturer.java</file>
            <file>file:/D:/CHS/src/computerhardwarestore/employeeOrder.java</file>
            <file>file:/D:/CHS/src/computerhardwarestore/adminManager.java</file>
            <file>file:/D:/CHS/src/computerhardwarestore/managerComponents.java</file>
            <file>file:/D:/CHS/src/computerhardwarestore/employee.java</file>
            <file>file:/D:/CHS/src/computerhardwarestore/managerShop.java</file>
            <file>file:/D:/CHS/src/computerhardwarestore/TesterCHS.java</file>
            <file>file:/D:/CHS/src/computerhardwarestore/manager.java</file>
            <file>file:/D:/CHS/src/computerhardwarestore/managerProduct.java</file>
            <file>file:/D:/CHS/src/computerhardwarestore/admin.java</file>
            <file>file:/D:/CHS/src/computerhardwarestore/managerComputer.java</file>
        </group>
    </open-files>
</project-private>
